species_name,class,max_obs_length_cm
Manta alfredi,Elasmobranchii,200
Manta birostris,Elasmobranchii,200
Myliobatis australis,Elasmobranchii,200
Orectolobus halei,Elasmobranchii,200
Orectolobus maculatus,Elasmobranchii,200
Achoerodus viridis,Actinopterygii,137.5
Aptychotrema rostrata,Elasmobranchii,137.5
Carcharhinus galapagensis,Elasmobranchii,137.5
Heterodontus portusjacksoni,Elasmobranchii,137.5
Brachaelurus waddi,Elasmobranchii,125
Orectolobus ornatus,Elasmobranchii,125
Epinephelus daemelii,Actinopterygii,112.5
Gymnothorax prasinus,Actinopterygii,112.5
Platycephalus fuscus,Actinopterygii,112.5
Cephaloscyllium laticeps,Elasmobranchii,100
Carcharhinus amblyrhynchos,Elasmobranchii,87.5
Comanthus trichoptera,Crinoidea,87.5
Gymnomuraena zebra,Actinopterygii,87.5
Heterodontus galeatus,Elasmobranchii,87.5
Hypnos monopterygius,Elasmobranchii,87.5
Seriola lalandi,Actinopterygii,87.5
Variola louti,Actinopterygii,87.5
Aulostomus chinensis,Actinopterygii,75
Cheilinus undulatus,Actinopterygii,75
Fistularia commersonii,Actinopterygii,75
Kyphosus sydneyanus,Actinopterygii,75
Naso tonganus,Actinopterygii,75
Sepioteuthis australis,Cephalopoda,75
Trygonoptera testacea,Elasmobranchii,75
Argyrosomus japonicus,Actinopterygii,62.5
Cheilodactylus fuscus,Actinopterygii,62.5
Cnidoglanis macrocephalus,Actinopterygii,62.5
Diagramma labiosum,Actinopterygii,62.5
Echeneis naucrates,Actinopterygii,62.5
Epinephelus undulatostriatus,Actinopterygii,62.5
Girella elevata,Actinopterygii,62.5
Gymnothorax cribroris,Actinopterygii,62.5
Gymnothorax prionodon,Actinopterygii,62.5
Holothuria atra,Holothuroidea,62.5
Lutjanus bohar,Actinopterygii,62.5
Octopus tetricus,Cephalopoda,62.5
Plectropomus leopardus,Actinopterygii,62.5
Prionurus microlepidotus,Actinopterygii,62.5
Scarus altipinnis,Actinopterygii,62.5
Scarus ghobban,Actinopterygii,62.5
Xiphasia setifer,Actinopterygii,62.5
Acanthaluteres vittiger,Actinopterygii,50
Anyperodon leucogrammicus,Actinopterygii,50
Aplodactylus lophodon,Actinopterygii,50
Aprion virescens,Actinopterygii,50
Arothron stellatus,Actinopterygii,50
Bodianus perditio,Actinopterygii,50
Cetoscarus bicolor,Actinopterygii,50
Chlorurus microrhinos,Actinopterygii,50
Choerodon schoenleinii,Actinopterygii,50
Coris bulbifrons,Actinopterygii,50
Dicotylichthys punctulatus,Actinopterygii,50
Dinolestes lewini,Actinopterygii,50
Girella tricuspidata,Actinopterygii,50
Gnathanodon speciosus,Actinopterygii,50
Gymnothorax eurostus,Actinopterygii,50
Notolabrus tetricus,Actinopterygii,50
Ophthalmolepis lineolatus,Actinopterygii,50
Plectorhinchus chaetodonoides,Actinopterygii,50
Plectorhinchus chrysotaenia,Actinopterygii,50
Plectorhinchus flavomaculatus,Actinopterygii,50
Plectorhinchus lineatus,Actinopterygii,50
Prionurus maculatus,Actinopterygii,50
Rhabdosargus sarba,Actinopterygii,50
Sepia apama,Cephalopoda,50
Spiniraja whitleyi,Elasmobranchii,50
Symphorichthys spilurus,Actinopterygii,50
Trygonorrhina fasciata,Elasmobranchii,50
Urolophus cruciatus,Elasmobranchii,50
Urolophus paucimaculatus,Elasmobranchii,50
Acanthistius ocellatus,Actinopterygii,40
Acanthopagrus australis,Actinopterygii,40
Acanthurus xanthopterus,Actinopterygii,40
Aplodactylus arctidens,Actinopterygii,40
Arothron hispidus,Actinopterygii,40
Caranx melampygus,Actinopterygii,40
Cheilodactylus spectabilis,Actinopterygii,40
Chlorurus sordidus,Actinopterygii,40
Enchelycore ramosa,Actinopterygii,40
Epinephelus coioides,Actinopterygii,40
Eubalichthys mosaicus,Actinopterygii,40
Fistularia petimba,Actinopterygii,40
Holothuria edulis,Holothuroidea,40
Kyphosus sectatrix,Actinopterygii,40
Latridopsis forsteri,Actinopterygii,40
Lutjanus monostigma,Actinopterygii,40
Meuschenia flavolineata,Actinopterygii,40
Meuschenia hippocrepis,Actinopterygii,40
Meuschenia trachylepis,Actinopterygii,40
Mulloidichthys vanicolensis,Actinopterygii,40
Naso unicornis,Actinopterygii,40
Nemadactylus valenciennesi,Actinopterygii,40
Notolabrus gymnogenis,Actinopterygii,40
Olisthops cyanomelas,Actinopterygii,40
Platax orbicularis,Actinopterygii,40
Plectropomus maculatus,Actinopterygii,40
Pomacanthus sexstriatus,Actinopterygii,40
Pomatomus saltatrix,Actinopterygii,40
Scomberoides lysan,Actinopterygii,40
Scomberomorus commerson,Actinopterygii,40
Scorpaena cardinalis,Actinopterygii,40
Scorpaena jacksoniensis,Actinopterygii,40
Seriola rivoliana,Actinopterygii,40
Siganus argenteus,Actinopterygii,40
Upeneichthys lineatus,Actinopterygii,40
Acanthurus blochii,Actinopterygii,35
Acanthurus dussumieri,Actinopterygii,35
Acanthurus grammoptilus,Actinopterygii,35
Anampses neoguinaicus,Actinopterygii,35
Anoplocapros inermis,Actinopterygii,35
Asterias amurensis,Asteroidea,35
Carangoides plagiotaenia,Actinopterygii,35
Caranx sexfasciatus,Actinopterygii,35
Cephalopholis argus,Actinopterygii,35
Cephalopholis cyanostigma,Actinopterygii,35
Cheilodactylus francisi,Actinopterygii,35
Cheilodactylus nigripes,Actinopterygii,35
Cheilodactylus vestitus,Actinopterygii,35
Chironemus marmoratus,Actinopterygii,35
Coris aygula,Actinopterygii,35
Coris picta,Actinopterygii,35
Crenimugil crenilabis,Actinopterygii,35
Epibulus insidiator,Actinopterygii,35
Epinephelus malabaricus,Actinopterygii,35
Eubalichthys gunnii,Actinopterygii,35
Girella zebra,Actinopterygii,35
Gymnocranius euanus,Actinopterygii,35
Gymnocranius superciliosus,Actinopterygii,35
Haletta semifasciata,Actinopterygii,35
Hemigymnus melapterus,Actinopterygii,35
Lethrinus obsoletus,Actinopterygii,35
Lutjanus carponotatus,Actinopterygii,35
Monacanthus chinensis,Actinopterygii,35
Naso lituratus,Actinopterygii,35
Nemadactylus douglasii,Actinopterygii,35
Notolabrus fucicola,Actinopterygii,35
Octopus cyanea,Cephalopoda,35
Parupeneus barberinus,Actinopterygii,35
Parupeneus spilurus,Actinopterygii,35
Pelates quadrilineatus,Actinopterygii,35
Platax teira,Actinopterygii,35
Plectorhinchus picus,Actinopterygii,35
Pomacanthus semicirculatus,Actinopterygii,35
Pomacanthus xanthometopon,Actinopterygii,35
Priacanthus hamrur,Actinopterygii,35
Sargocentron spiniferum,Actinopterygii,35
Scarus chameleon,Actinopterygii,35
Scarus flavipectoralis,Actinopterygii,35
Scarus frenatus,Actinopterygii,35
Scarus niger,Actinopterygii,35
Scarus oviceps,Actinopterygii,35
Scarus schlegeli,Actinopterygii,35
Scorpis aequipinnis,Actinopterygii,35
Scorpis lineolata,Actinopterygii,35
Siganus fuscescens,Actinopterygii,35
Siganus lineatus,Actinopterygii,35
Sphyraena flavicauda,Actinopterygii,35
Thalassoma lutescens,Actinopterygii,35
Trachurus novaezelandiae,Actinopterygii,35
Trygonoptera imitata,Elasmobranchii,35
Acanthurus nigricauda,Actinopterygii,30
Acanthurus nigrofuscus,Actinopterygii,30
Acanthurus olivaceus,Actinopterygii,30
Balistapus undulatus,Actinopterygii,30
Cabestana spengleri,Gastropoda,30
Caesio cuning,Actinopterygii,30
Carangoides fulvoguttatus,Actinopterygii,30
Carangoides orthogrammus,Actinopterygii,30
Cephalopholis miniata,Actinopterygii,30
Cheilinus fasciatus,Actinopterygii,30
Cheilinus trilobatus,Actinopterygii,30
Cheilodactylus ephippium,Actinopterygii,30
Choerodon graphicus,Actinopterygii,30
Coris sandeyeri,Actinopterygii,30
Ctenochaetus binotatus,Actinopterygii,30
Cybiosarda elegans,Actinopterygii,30
Diodon hystrix,Actinopterygii,30
Diodon nicthemerus,Actinopterygii,30
Enoplosus armatus,Actinopterygii,30
Epinephelus cyanopodus,Actinopterygii,30
Epinephelus fasciatus,Actinopterygii,30
Epinephelus maculatus,Actinopterygii,30
Eubalichthys bucephalus,Actinopterygii,30
Filicampus tigris,Actinopterygii,30
Halichoeres hortulanus,Actinopterygii,30
Heteroscarus acroptilus,Actinopterygii,30
Lethrinus nebulosus,Actinopterygii,30
Lotella rhacina,Actinopterygii,30
Lutjanus fulvus,Actinopterygii,30
Lutjanus russellii,Actinopterygii,30
Meuschenia freycineti,Actinopterygii,30
Monotaxis heterodon,Actinopterygii,30
Naso brevirostris,Actinopterygii,30
Neosebastes scorpaenoides,Actinopterygii,30
Ostracion cubicus,Actinopterygii,30
Parma oligolepis,Actinopterygii,30
Parupeneus cyclostomus,Actinopterygii,30
Pentaceropsis recurvirostris,Actinopterygii,30
Pentapodus paradiseus,Actinopterygii,30
Pictilabrus laticlavius,Actinopterygii,30
Pseudocaranx georgianus,Actinopterygii,30
Pseudolabrus guentheri,Actinopterygii,30
Pseudolabrus mortonii,Actinopterygii,30
Pseudophycis bachus,Actinopterygii,30
Scarus globiceps,Actinopterygii,30
Scarus rivulatus,Actinopterygii,30
Scobinichthys granulatus,Actinopterygii,30
Scolopsis margaritifer,Actinopterygii,30
Scolopsis monogramma,Actinopterygii,30
Scomber australasicus,Actinopterygii,30
Selenotoca multifasciata,Actinopterygii,30
Siganus doliatus,Actinopterygii,30
Siganus spinus,Actinopterygii,30
Sillago ciliata,Actinopterygii,30
Synodus variegatus,Actinopterygii,30
Actinopyga miliaris,Holothuroidea,25
Actinopyga palauensis,Holothuroidea,25
Anampses elegans,Actinopterygii,25
Aplysia argus,Gastropoda,25
Aplysia dactylomela,Gastropoda,25
Apogon limenus,Actinopterygii,25
Arctides antipodarum,Malacostraca,25
Atypichthys strigatus,Actinopterygii,25
Australostichopus mollis,Holothuroidea,25
Austrolabrus maculatus,Actinopterygii,25
Batrachomoeus dubius,Actinopterygii,25
Bohadschia argus,Holothuroidea,25
Bohadschia graeffei,Holothuroidea,25
Caesioperca rasor,Actinopterygii,25
Cephalopholis microprion,Actinopterygii,25
Chaetodon lineolatus,Actinopterygii,25
Charonia lampas,Gastropoda,25
Cheilinus chlorourus,Actinopterygii,25
Chelmonops truncatus,Actinopterygii,25
Choerodon fasciatus,Actinopterygii,25
Chromis hypsilepis,Actinopterygii,25
Chrysophrys auratus,Actinopterygii,25
Ctenochaetus striatus,Actinopterygii,25
Festucalex cinctus,Actinopterygii,25
Gerres subfasciatus,Actinopterygii,25
Hemigymnus fasciatus,Actinopterygii,25
Heniochus chrysostomus,Actinopterygii,25
Holothuria pervicax,Holothuroidea,25
Hypoplectrodes maccullochi,Actinopterygii,25
Hypoplectrodes nigroruber,Actinopterygii,25
Kyphosus bigibbus,Actinopterygii,25
Lutjanus gibbus,Actinopterygii,25
Lutjanus quinquelineatus,Actinopterygii,25
Meuschenia australis,Actinopterygii,25
Mugil cephalus,Actinopterygii,25
Myripristis hexagona,Actinopterygii,25
Neoniphon sammara,Actinopterygii,25
Oxycheilinus digrammus,Actinopterygii,25
Parapercis ramsayi,Actinopterygii,25
Parma microlepis,Actinopterygii,25
Parma polylepis,Actinopterygii,25
Parma unifasciata,Actinopterygii,25
Parma victoriae,Actinopterygii,25
Parupeneus multifasciatus,Actinopterygii,25
Parupeneus pleurostigma,Actinopterygii,25
Pelates sexlineatus,Actinopterygii,25
Pempheris multiradiata,Actinopterygii,25
Penaeus esculentus,Malacostraca,25
Platycephalus bassensis,Actinopterygii,25
Pterois volitans,Actinopterygii,25
Sarda australis,Actinopterygii,25
Saurida nebulosa,Actinopterygii,25
Scarus dimidiatus,Actinopterygii,25
Scarus psittacus,Actinopterygii,25
Schuettea scalaripinnis,Actinopterygii,25
Scolopsis bilineata,Actinopterygii,25
Siganus corallinus,Actinopterygii,25
Siganus punctatissimus,Actinopterygii,25
Siganus stellatus,Actinopterygii,25
Siganus vulpinus,Actinopterygii,25
Sufflamen chrysopterum,Actinopterygii,25
Sufflamen fraenatum,Actinopterygii,25
Thalassoma lunare,Actinopterygii,25
Upeneichthys vlamingii,Actinopterygii,25
Zanclus cornutus,Actinopterygii,25
Zebrasoma veliferum,Actinopterygii,25
Acanthaster planci,Asteroidea,20
Bodianus axillaris,Actinopterygii,20
Caesioperca lepidoptera,Actinopterygii,20
Centropogon australis,Actinopterygii,20
Cephalopholis boenak,Actinopterygii,20
Chaetodon ephippium,Actinopterygii,20
Chaetodon flavirostris,Actinopterygii,20
Chaetodon tricinctus,Actinopterygii,20
Chaetodon ulietensis,Actinopterygii,20
Chaetodon unimaculatus,Actinopterygii,20
Chaetodontoplus meredithi,Actinopterygii,20
Cheilodipterus macrodon,Actinopterygii,20
Chelmon rostratus,Actinopterygii,20
Choerodon cyanodus,Actinopterygii,20
Comanthus tasmaniae,Crinoidea,20
Coris dorsomacula,Actinopterygii,20
Diploprion bifasciatum,Actinopterygii,20
Epinephelus merra,Actinopterygii,20
Epinephelus ongus,Actinopterygii,20
Eupetrichthys angustipes,Actinopterygii,20
Heliocidaris tuberculata,Echinoidea,20
Hemiglyphidodon plagiometopon,Actinopterygii,20
Heniochus acuminatus,Actinopterygii,20
Holothuria fuscocinerea,Holothuroidea,20
Holothuria leucospilota,Holothuroidea,20
Holothuria nobilis,Holothuroidea,20
Holothuria scabra,Holothuroidea,20
Labracoglossa nitida,Actinopterygii,20
Labrichthys unilineatus,Actinopterygii,20
Linckia guildingi,Asteroidea,20
Mecaenichthys immaculatus,Actinopterygii,20
Meuschenia scaber,Actinopterygii,20
Monodactylus argenteus,Actinopterygii,20
Monotaxis grandoculis,Actinopterygii,20
Myripristis violacea,Actinopterygii,20
Novaculichthys taeniourus,Actinopterygii,20
Ophidiaster confertus,Asteroidea,20
Oxycheilinus bimaculatus,Actinopterygii,20
Panulirus longipes,Malacostraca,20
Panulirus versicolor,Malacostraca,20
Paracaesio xanthura,Actinopterygii,20
Paracirrhites forsteri,Actinopterygii,20
Parapercis hexophtalma,Actinopterygii,20
Parapercis pacifica,Actinopterygii,20
Parapercis stricticeps,Actinopterygii,20
Parupeneus crassilabris,Actinopterygii,20
Pempheris affinis,Actinopterygii,20
Pempheris compressa,Actinopterygii,20
Penion mandarinus,Gastropoda,20
Petricia vernicina,Asteroidea,20
Plectaster decanus,Asteroidea,20
Pseudolabrus luculentus,Actinopterygii,20
Pterocaesio digramma,Actinopterygii,20
Scorpaenopsis diabolus,Actinopterygii,20
Sepia mestus,Cephalopoda,20
Sepia plangon,Cephalopoda,20
Sillago robusta,Actinopterygii,20
Sphyraena obtusata,Actinopterygii,20
Stethojulis interrupta,Actinopterygii,20
Stichopus horrens,Holothuroidea,20
Synodus similis,Actinopterygii,20
Thysanophrys cirronasa,Actinopterygii,20
Zebrasoma scopas,Actinopterygii,20
Abudefduf bengalensis,Actinopterygii,15
Abudefduf sexfasciatus,Actinopterygii,15
Abudefduf vaigiensis,Actinopterygii,15
Abudefduf whitleyi,Actinopterygii,15
Acanthochromis polyacanthus,Actinopterygii,15
Acanthurus nigroris,Actinopterygii,15
Amphichaetodon howensis,Actinopterygii,15
Aphelodoris varia,Gastropoda,15
Aracana aurita,Actinopterygii,15
Arothron nigropunctatus,Actinopterygii,15
Astrostole scaber,Asteroidea,15
Atrosalarias holomelas,Actinopterygii,15
Brachaluteres jacksonianus,Actinopterygii,15
Caesio teres,Actinopterygii,15
Canthigaster callisterna,Actinopterygii,15
Centrostephanus rodgersii,Echinoidea,15
Ceratosoma brevicaudatum,Gastropoda,15
Chaetodon auriga,Actinopterygii,15
Chaetodon guentheri,Actinopterygii,15
Chaetodon lunulatus,Actinopterygii,15
Chaetodon melannotus,Actinopterygii,15
Chaetodon ornatissimus,Actinopterygii,15
Chaetodon oxycephalus,Actinopterygii,15
Chaetodon rainfordi,Actinopterygii,15
Chaetodon speculum,Actinopterygii,15
Chaetodon trifascialis,Actinopterygii,15
Chaetodon vagabundus,Actinopterygii,15
Cirrhilabrus punctatus,Actinopterygii,15
Comanthus suavia,Crinoidea,15
Coris batuensis,Actinopterygii,15
Coris pictoides,Actinopterygii,15
Diadema savignyi,Echinoidea,15
Dischistodus melanotus,Actinopterygii,15
Dischistodus prosopotaenia,Actinopterygii,15
Dischistodus pseudochrysopoecilus,Actinopterygii,15
Dolabella auricularia,Gastropoda,15
Girella cyanea,Actinopterygii,15
Gomphosus varius,Actinopterygii,15
Gymnapistes marmoratus,Actinopterygii,15
Halichoeres chloropterus,Actinopterygii,15
Halichoeres marginatus,Actinopterygii,15
Halichoeres melanurus,Actinopterygii,15
Halichoeres nebulosus,Actinopterygii,15
Hapalochlaena fasciata,Cephalopoda,15
Heliocidaris erythrogramma,Echinoidea,15
Heniochus varius,Actinopterygii,15
Herklotsichthys castelnaui,Actinopterygii,15
Himerometra robustipinna,Crinoidea,15
Hippocampus abdominalis,Actinopterygii,15
Holothuria hilla,Holothuroidea,15
Holothuria impatiens,Holothuroidea,15
Hyporhamphus australis,Actinopterygii,15
Labropsis australis,Actinopterygii,15
Linckia multifora,Asteroidea,15
Lutjanus kasmira,Actinopterygii,15
Metacarcinus novaezelandiae,Malacostraca,15
Meuschenia venusta,Actinopterygii,15
Microcanthus strigatus,Actinopterygii,15
Mithrodia clavigera,Asteroidea,15
Myripristis kuntee,Actinopterygii,15
Myripristis murdjan,Actinopterygii,15
Naso hexacanthus,Actinopterygii,15
Neoglyphidodon melas,Actinopterygii,15
Neoodax balteatus,Actinopterygii,15
Parupeneus ciliatus,Actinopterygii,15
Pervagor alternans,Actinopterygii,15
Phyllacanthus parvispinus,Echinoidea,15
Pomacentrus grammorhynchus,Actinopterygii,15
Pseudoboletia indiana,Echinoidea,15
Pseudocheilinus hexataenia,Actinopterygii,15
Pseudocoris yamashiroi,Actinopterygii,15
Pseudorhombus jenynsii,Actinopterygii,15
Ptereleotris evides,Actinopterygii,15
Ptilometra australis,Crinoidea,15
Ranella australasia,Gastropoda,15
Siganus puellus,Actinopterygii,15
Stegastes apicalis,Actinopterygii,15
Stegastes gascoynei,Actinopterygii,15
Stegastes nigricans,Actinopterygii,15
Stethojulis bandanensis,Actinopterygii,15
Sufflamen bursa,Actinopterygii,15
Synodus binotatus,Actinopterygii,15
Synodus dermatogenys,Actinopterygii,15
Thalassoma hardwicke,Actinopterygii,15
Thalassoma nigrofasciatum,Actinopterygii,15
Trachinops caudimaculatus,Actinopterygii,15
Trachinops taeniatus,Actinopterygii,15
Tripneustes gratilla,Echinoidea,15
Tropiometra afra,Crinoidea,15
Turbo cepoides,Gastropoda,15
Valenciennea strigata,Actinopterygii,15
Amblygobius phalaena,Actinopterygii,12.5
Anampses caeruleopunctatus,Actinopterygii,12.5
Anampses femininus,Actinopterygii,12.5
Anampses geographicus,Actinopterygii,12.5
Aplysia extraordinaria,Gastropoda,12.5
Aplysia sydneyensis,Gastropoda,12.5
Caesio caerulaurea,Actinopterygii,12.5
Cantherhines pardalis,Actinopterygii,12.5
Cenolia glebosus,Crinoidea,12.5
Centropyge bicolor,Actinopterygii,12.5
Centropyge flavissima,Actinopterygii,12.5
Chaetodon aureofasciatus,Actinopterygii,12.5
Chaetodon baronessa,Actinopterygii,12.5
Chaetodon mertensii,Actinopterygii,12.5
Chaetodon plebeius,Actinopterygii,12.5
Cheilodipterus artus,Actinopterygii,12.5
Chromis margaritifer,Actinopterygii,12.5
Chromis nitida,Actinopterygii,12.5
Chromis weberi,Actinopterygii,12.5
Cirrhitichthys aprinus,Actinopterygii,12.5
Clarkcomanthus littoralis,Crinoidea,12.5
Cleidopus gloriamaris,Actinopterygii,12.5
Comanthus parvicirrus,Crinoidea,12.5
Coris aurilineata,Actinopterygii,12.5
Diadema setosum,Echinoidea,12.5
Diodon holocanthus,Actinopterygii,12.5
Dischistodus perspicillatus,Actinopterygii,12.5
Dotalabrus aurantiacus,Actinopterygii,12.5
Echinaster colemani,Asteroidea,12.5
Echinaster luzonicus,Asteroidea,12.5
Eocallionymus papilio,Actinopterygii,12.5
Grammistes sexlineatus,Actinopterygii,12.5
Halichoeres biocellatus,Actinopterygii,12.5
Halichoeres chrysus,Actinopterygii,12.5
Halichoeres trimaculatus,Actinopterygii,12.5
Heteroclinus tristis,Actinopterygii,12.5
Hippocampus whitei,Actinopterygii,12.5
Labroides dimidiatus,Actinopterygii,12.5
Lutjanus fulviflamma,Actinopterygii,12.5
Meiacanthus grammistes,Actinopterygii,12.5
Nectria ocellata,Asteroidea,12.5
Neoglyphidodon nigroris,Actinopterygii,12.5
Ogilbyina queenslandiae,Actinopterygii,12.5
Ovula ovum,Gastropoda,12.5
Oxycheilinus orientalis,Actinopterygii,12.5
Paracanthurus hepatus,Actinopterygii,12.5
Paracirrhites arcatus,Actinopterygii,12.5
Paramonacanthus otisensis,Actinopterygii,12.5
Parapercis australis,Actinopterygii,12.5
Parapercis lineopunctata,Actinopterygii,12.5
Parapercis queenslandica,Actinopterygii,12.5
Parupeneus barberinoides,Actinopterygii,12.5
Pentagonaster dubeni,Asteroidea,12.5
Plagiotremus tapeinosoma,Actinopterygii,12.5
Plectroglyphidodon lacrymatus,Actinopterygii,12.5
Pomacentrus australis,Actinopterygii,12.5
Pomacentrus wardi,Actinopterygii,12.5
Pristicon trimaculatus,Actinopterygii,12.5
Pseudochromis fuscus,Actinopterygii,12.5
Siphonognathus beddomei,Actinopterygii,12.5
Stethojulis strigiventer,Actinopterygii,12.5
Suezichthys devisi,Actinopterygii,12.5
Synodus doaki,Actinopterygii,12.5
Synodus jaculum,Actinopterygii,12.5
Tetractenos hamiltoni,Actinopterygii,12.5
Thalassoma amblycephalum,Actinopterygii,12.5
Thalassoma jansenii,Actinopterygii,12.5
Torquigener squamicauda,Actinopterygii,12.5
Trachypoma macracanthus,Actinopterygii,12.5
Turbo imperialis,Gastropoda,12.5
Acanthaluteres spilomelanurus,Actinopterygii,10
Acanthurus triostegus,Actinopterygii,10
Aeoliscus strigatus,Actinopterygii,10
Amblyglyphidodon curacao,Actinopterygii,10
Amblygobius decussatus,Actinopterygii,10
Amphiprion akindynos,Actinopterygii,10
Amphiprion mccullochi,Actinopterygii,10
Antedon incommoda,Crinoidea,10
Apogon doederleini,Actinopterygii,10
Armina magna,Gastropoda,10
Aspidontus dussumieri,Actinopterygii,10
Aspidontus taeniatus,Actinopterygii,10
Assessor macneilli,Actinopterygii,10
Astropecten vappa,Asteroidea,10
Canthigaster papua,Actinopterygii,10
Centropyge tibicen,Actinopterygii,10
Chaetodon bennetti,Actinopterygii,10
Chaetodon citrinellus,Actinopterygii,10
Chaetodon kleinii,Actinopterygii,10
Chaetodon lunula,Actinopterygii,10
Chaetodon pelewensis,Actinopterygii,10
Cheilodipterus quinquelineatus,Actinopterygii,10
Chromis atripectoralis,Actinopterygii,10
Chromis flavomaculata,Actinopterygii,10
Chrysiptera notialis,Actinopterygii,10
Cirrhitichthys falco,Actinopterygii,10
Cirripectes alboapicalis,Actinopterygii,10
Cirripectes chelomatus,Actinopterygii,10
Cirripectes stigmaticus,Actinopterygii,10
Coriocella nigra,Gastropoda,10
Corythoichthys schultzi,Actinopterygii,10
Dardanus crassimanus,Malacostraca,10
Dascyllus reticulatus,Actinopterygii,10
Dendrodoris gunnamatta,Gastropoda,10
Dendrodoris krusensternii,Gastropoda,10
Dicathais orbita,Gastropoda,10
Echinometra mathaei,Echinoidea,10
Exallias brevis,Actinopterygii,10
Exyrias belissimus,Actinopterygii,10
Forcipiger flavissimus,Actinopterygii,10
Forsterygion varium,Actinopterygii,10
Goniobranchus collingwoodi,Gastropoda,10
Goniocidaris tubaria,Echinoidea,10
Halichoeres margaritaceus,Actinopterygii,10
Halichoeres prosopeion,Actinopterygii,10
Himerometra magnipinna,Crinoidea,10
Hypselodoris bennetti,Gastropoda,10
Istigobius hoesei,Actinopterygii,10
Koumansetta rainfordi,Actinopterygii,10
Lactoria cornuta,Actinopterygii,10
Lambis lambis,Gastropoda,10
Linckia laevigata,Asteroidea,10
Macropharyngodon choati,Actinopterygii,10
Macropharyngodon meleagris,Actinopterygii,10
Maoricolpus roseus,Gastropoda,10
Miamira magnifica,Gastropoda,10
Nembrotha purpureolineata,Gastropoda,10
Neoglyphidodon polyacanthus,Actinopterygii,10
Notocirrhitus splendens,Actinopterygii,10
Ostracion meleagris,Actinopterygii,10
Parupeneus heptacanthus,Actinopterygii,10
Patiriella regularis,Asteroidea,10
Pempheris oualensis,Actinopterygii,10
Petroscirtes lupus,Actinopterygii,10
Plagiotremus rhinorhynchos,Actinopterygii,10
Plectroglyphidodon dickii,Actinopterygii,10
Plectroglyphidodon johnstonianus,Actinopterygii,10
Plocamopherus imperialis,Gastropoda,10
Plotosus lineatus,Actinopterygii,10
Polycera capensis,Gastropoda,10
Pomacentrus amboinensis,Actinopterygii,10
Pomacentrus bankanensis,Actinopterygii,10
Pomacentrus brachialis,Actinopterygii,10
Pomacentrus coelestis,Actinopterygii,10
Pomacentrus moluccensis,Actinopterygii,10
Pseudanthias squamipinnis,Actinopterygii,10
Rhynchocinetes serratus,Malacostraca,10
Scorpaena papillosa,Actinopterygii,10
Scorpaenodes evides,Actinopterygii,10
Scorpaenodes scaber,Actinopterygii,10
Stegastes fasciolatus,Actinopterygii,10
Stenopus hispidus,Malacostraca,10
Strigopagurus strigimanus,Malacostraca,10
Trapezia septata,Malacostraca,10
Trochus niloticus,Gastropoda,10
Turbo torquatus,Gastropoda,10
Uniophora granifera,Asteroidea,10
Upeneus tragula,Actinopterygii,10
Valenciennea longipinnis,Actinopterygii,10
Vincentia novaehollandiae,Actinopterygii,10
Acanthurus albipectoralis,Actinopterygii,7.5
Amblyeleotris guttata,Actinopterygii,7.5
Amblyeleotris wheeleri,Actinopterygii,7.5
Amblyglyphidodon leucogaster,Actinopterygii,7.5
Amblygobius nocturnus,Actinopterygii,7.5
Aplysia juliana,Gastropoda,7.5
Aplysia parvula,Gastropoda,7.5
Apogon apogonides,Actinopterygii,7.5
Apogon capricornis,Actinopterygii,7.5
Aseraggodes lenisquamis,Actinopterygii,7.5
Atherinomorus vaigiensis,Actinopterygii,7.5
Atypichthys latus,Actinopterygii,7.5
Bathygobius krefftii,Actinopterygii,7.5
Cabestana tabulata,Gastropoda,7.5
Canthigaster axiologus,Actinopterygii,7.5
Canthigaster valentini,Actinopterygii,7.5
Centropyge bispinosa,Actinopterygii,7.5
Cheilodipterus isostigmus,Actinopterygii,7.5
Chromis viridis,Actinopterygii,7.5
Chrysiptera rollandi,Actinopterygii,7.5
Cochleoceps orientalis,Actinopterygii,7.5
Conus capitaneus,Gastropoda,7.5
Conus miles,Gastropoda,7.5
Conus rattus,Gastropoda,7.5
Coscinasterias muricata,Asteroidea,7.5
Cristiceps aurantiacus,Actinopterygii,7.5
Crossosalarias macrospilus,Actinopterygii,7.5
Ctenogobiops pomastictus,Actinopterygii,7.5
Culcita novaeguineae,Asteroidea,7.5
Dascyllus aruanus,Actinopterygii,7.5
Dascyllus trimaculatus,Actinopterygii,7.5
Dermatobranchus dendronephthyphagus,Gastropoda,7.5
Diadema palmeri,Echinoidea,7.5
Doriprismatica atromarginata,Gastropoda,7.5
Ecsenius bicolor,Actinopterygii,7.5
Ecsenius fourmanoiri,Actinopterygii,7.5
Elysia tomentosa,Gastropoda,7.5
Flabellina rubrolineata,Gastropoda,7.5
Fromia polypora,Asteroidea,7.5
Gomophia watsoni,Asteroidea,7.5
Goniobranchus albonares,Gastropoda,7.5
Goniobranchus aureopurpureus,Gastropoda,7.5
Goniobranchus daphne,Gastropoda,7.5
Goniobranchus decorus,Gastropoda,7.5
Goniobranchus hunterae,Gastropoda,7.5
Goniobranchus reticulatus,Gastropoda,7.5
Goniobranchus splendidus,Gastropoda,7.5
Grahamina gymnota,Actinopterygii,7.5
Halichoeres hartzfeldii,Actinopterygii,7.5
Halichoeres nigrescens,Actinopterygii,7.5
Heterocentrotus mamillatus,Echinoidea,7.5
Heteroclinus roseus,Actinopterygii,7.5
Holopneustes inflatus,Echinoidea,7.5
Holopneustes purpurascens,Echinoidea,7.5
Hydatina physis,Gastropoda,7.5
Hypselodoris obscura,Gastropoda,7.5
Istigobius decoratus,Actinopterygii,7.5
Labroides bicolor,Actinopterygii,7.5
Lactoria fornasini,Actinopterygii,7.5
Latirus polygonus,Gastropoda,7.5
Macropharyngodon negrosensis,Actinopterygii,7.5
Mancinella alouina,Gastropoda,7.5
Maroubra perserrata,Actinopterygii,7.5
Meiacanthus atrodorsalis,Actinopterygii,7.5
Meiacanthus phaeus,Actinopterygii,7.5
Mitra glabra,Gastropoda,7.5
Nardoa novaecaledoniae,Asteroidea,7.5
Ostorhinchus compressus,Actinopterygii,7.5
Oxymonacanthus longirostris,Actinopterygii,7.5
Pagurus sinuatus,Malacostraca,7.5
Palaemon serenus,Malacostraca,7.5
Parablennius tasmanianus,Actinopterygii,7.5
Paraluteres prionurus,Actinopterygii,7.5
Pervagor janthinosoma,Actinopterygii,7.5
Petroscirtes fallax,Actinopterygii,7.5
Phenacovolva rosea,Gastropoda,7.5
Philinopsis speciosa,Gastropoda,7.5
Phyllacanthus imperialis,Echinoidea,7.5
Phyllidia ocellata,Gastropoda,7.5
Plagusia chabrus,Malacostraca,7.5
Plectroglyphidodon leucozonus,Actinopterygii,7.5
Pleurobranchus peroni,Gastropoda,7.5
Plocamopherus tilesii,Gastropoda,7.5
Pomacentrus adelus,Actinopterygii,7.5
Pomacentrus lepidogenys,Actinopterygii,7.5
Premnas biaculeatus,Actinopterygii,7.5
Prionocidaris callista,Echinoidea,7.5
Pristiapogon kallopterus,Actinopterygii,7.5
Pseudonepanthia nigrobrunnea,Asteroidea,7.5
Ptereleotris heteroptera,Actinopterygii,7.5
Ptereleotris microlepis,Actinopterygii,7.5
Ptereleotris monoptera,Actinopterygii,7.5
Pterocaesio trilineata,Actinopterygii,7.5
Pterynotus triformis,Gastropoda,7.5
Salarias ceramensis,Actinopterygii,7.5
Salarias fasciatus,Actinopterygii,7.5
Salarias guttatus,Actinopterygii,7.5
Sassia parkinsonia,Gastropoda,7.5
Sepioloidea lineolata,Cephalopoda,7.5
Siphamia cephalotes,Actinopterygii,7.5
Stichopus chloronotus,Holothuroidea,7.5
Synodus saurus,Actinopterygii,7.5
Taeniamia zosterophora,Actinopterygii,7.5
Tosia magnifica,Asteroidea,7.5
Turbo militaris,Gastropoda,7.5
Turbo undulatus,Gastropoda,7.5
Umbraculum umbraculum,Gastropoda,7.5
Acanthurus mata,Actinopterygii,5
Acanthurus pyroferus,Actinopterygii,5
Agnewia tritoniformis,Gastropoda,5
Ambassis jacksoniensis,Actinopterygii,5
Amblyeleotris steinitzi,Actinopterygii,5
Amphiprion chrysopterus,Actinopterygii,5
Amphiprion clarkii,Actinopterygii,5
Antedon loveni,Crinoidea,5
Aspasmogaster costata,Actinopterygii,5
Assessor flavissimus,Actinopterygii,5
Astralium lapillus,Gastropoda,5
Austraeolis ornata,Gastropoda,5
Bovichtus angustifrons,Actinopterygii,5
Calliostoma armillatum,Gastropoda,5
Cancellus typus,Malacostraca,5
Canthigaster bennetti,Actinopterygii,5
Ceratosoma amoenum,Gastropoda,5
Chicoreus denudatus,Gastropoda,5
Chromis amboinensis,Actinopterygii,5
Chromis chrysura,Actinopterygii,5
Chromis ternatensis,Actinopterygii,5
Chromis vanderbilti,Actinopterygii,5
Chrysiptera caesifrons,Actinopterygii,5
Chrysiptera cyanea,Actinopterygii,5
Chrysiptera flavipinnis,Actinopterygii,5
Clanculus clangulus,Gastropoda,5
Conus emaciatus,Gastropoda,5
Conus flavidus,Gastropoda,5
Conus miliaris,Gastropoda,5
Conus sponsalis,Gastropoda,5
Cronia aurantiaca,Gastropoda,5
Cryptocentrus polyophthalmus,Actinopterygii,5
Cryptocentrus strigilliceps,Actinopterygii,5
Ctenogobiops maculosus,Actinopterygii,5
Ctenogobiops mitodes,Actinopterygii,5
Cuthona sibogae,Gastropoda,5
Cypho purpurascens,Actinopterygii,5
Dendrochirus brachypterus,Actinopterygii,5
Dendrochirus zebra,Actinopterygii,5
Ecsenius mandibularis,Actinopterygii,5
Ecsenius stictus,Actinopterygii,5
Enneapterygius atrogulare,Actinopterygii,5
Enneapterygius rufopileus,Actinopterygii,5
Enneapterygius similis,Actinopterygii,5
Favonigobius lentiginosus,Actinopterygii,5
Favorinus tsuruganus,Gastropoda,5
Foetorepus calauropomus,Actinopterygii,5
Fromia indica,Asteroidea,5
Fromia milleporella,Asteroidea,5
Fromia monilis,Asteroidea,5
Fusigobius duospilus,Actinopterygii,5
Fusigobius neophytus,Actinopterygii,5
Fusigobius signipinnis,Actinopterygii,5
Glossodoris angasi,Gastropoda,5
Gnatholepis cauerensis,Actinopterygii,5
Gobiodon histrio,Actinopterygii,5
Heteroclinus whiteleggii,Actinopterygii,5
Hyastenus elatus,Malacostraca,5
Hyperlophus vittatus,Actinopterygii,5
Hypselodoris jacksoni,Gastropoda,5
Istigobius rigilius,Actinopterygii,5
Leptojulis cyanopleura,Actinopterygii,5
Macrodontogobius wilburi,Actinopterygii,5
Meridiastra calcar,Asteroidea,5
Mexichromis festiva,Gastropoda,5
Nectria macrobrachia,Asteroidea,5
Nemateleotris magnifica,Actinopterygii,5
Neoamphicyclus altoffi,Holothuroidea,5
Neopomacentrus azysron,Actinopterygii,5
Neopomacentrus cyanomos,Actinopterygii,5
Nesogobius hinsbyi,Actinopterygii,5
Nesogobius maccullochi,Actinopterygii,5
Ostorhinchus cyanosoma,Actinopterygii,5
Ostorhinchus lineomaculatus,Actinopterygii,5
Ostorhinchus nigrofasciatus,Actinopterygii,5
Ostorhinchus thermalis,Actinopterygii,5
Pentapodus aureofasciatus,Actinopterygii,5
Pentapodus emeryii,Actinopterygii,5
Phasianotrochus eximius,Gastropoda,5
Phyllidiella pustulosa,Gastropoda,5
Phyllodesmium serratum,Gastropoda,5
Pictichromis paccagnellae,Actinopterygii,5
Pomacentrus chrysurus,Actinopterygii,5
Pomacentrus magniseptus,Actinopterygii,5
Pomacentrus pavo,Actinopterygii,5
Pseudanthias rubrizonatus,Actinopterygii,5
Pteraeolidia ianthina,Gastropoda,5
Pteragogus cryptus,Actinopterygii,5
Pteragogus enneacanthus,Actinopterygii,5
Rhabdamia cypselurus,Actinopterygii,5
Salarias alboguttatus,Actinopterygii,5
Signigobius biocellatus,Actinopterygii,5
Siphamia roseigaster,Actinopterygii,5
Stanulus talboti,Actinopterygii,5
Suezichthys arquatus,Actinopterygii,5
Tectus pyramis,Gastropoda,5
Tetrosomus concatenatus,Actinopterygii,5
Thais ambustulatus,Gastropoda,5
Thalassoma quinquevittatum,Actinopterygii,5
Trinorfolkia clarkei,Actinopterygii,5
Ucla xenogrammus,Actinopterygii,5
Valenciennea parva,Actinopterygii,5
Verconia varians,Gastropoda,5
Zoramia fragilis,Actinopterygii,5
Zoramia leptacantha,Actinopterygii,5
Zoramia viridiventer,Actinopterygii,5
Aioliops novaeguineae,Actinopterygii,2.5
Apogon semiornatus,Actinopterygii,2.5
Bodianus mesothorax,Actinopterygii,2.5
Bryaninops natans,Actinopterygii,2.5
Bryaninops yongei,Actinopterygii,2.5
Bullina lineata,Gastropoda,2.5
Calcinus imperialis,Malacostraca,2.5
Calthalotia fragum,Gastropoda,2.5
Cerberilla affinis,Gastropoda,2.5
Chelidonura inornata,Gastropoda,2.5
Chromis iomelas,Actinopterygii,2.5
Cratena lineata,Gastropoda,2.5
Cuspivolva draperi,Gastropoda,2.5
Cuspivolva howlandae,Gastropoda,2.5
Cuspivolva platysia,Gastropoda,2.5
Dardanus lagopodes,Malacostraca,2.5
Diplogrammus goramensis,Actinopterygii,2.5
Echinostrephus aciculatus,Echinoidea,2.5
Eviota afelei,Actinopterygii,2.5
Eviota atriventris,Actinopterygii,2.5
Eviota bifasciata,Actinopterygii,2.5
Eviota fasciola,Actinopterygii,2.5
Eviota guttata,Actinopterygii,2.5
Eviota hoesei,Actinopterygii,2.5
Eviota melasma,Actinopterygii,2.5
Eviota prasites,Actinopterygii,2.5
Eviota readerae,Actinopterygii,2.5
Eviota sebreei,Actinopterygii,2.5
Eviota sigillata,Actinopterygii,2.5
Flabellina bicolor,Gastropoda,2.5
Helcogramma chica,Actinopterygii,2.5
Jorunna ramicola,Gastropoda,2.5
Limnichthys fasciatus,Actinopterygii,2.5
Macropharyngodon kuiteri,Actinopterygii,2.5
Morula marginalba,Gastropoda,2.5
Neopomacentrus bankieri,Actinopterygii,2.5
Oxycomanthus bennetti,Crinoidea,2.5
Parapriacanthus ransonneti,Actinopterygii,2.5
Patelloida latistrigata,Gastropoda,2.5
Petrolisthes elongatus,Malacostraca,2.5
Sagaminopteron ornatum,Gastropoda,2.5
Salmacis sphaeroides,Echinoidea,2.5
Sassia verrucosa,Gastropoda,2.5
Scarus rubroviolaceus,Actinopterygii,2.5
Thecacera pennigera,Gastropoda,2.5
Thorunna daniellae,Gastropoda,2.5
Thuridilla gracilis,Gastropoda,2.5
Trimma benjamini,Actinopterygii,2.5
Trimma lantana,Actinopterygii,2.5
